user,assistant
"Where is my order?","Thank you for reaching out. You can see your delivery date and order tracking in your personal area. Could you provide your order ID?"
"I need to cancel my order #5678","Thank you for contacting us. I can help you cancel order #5678. May I ask the reason? Please note there is a $4.99 cancellation fee if delivery is less than 2 days away."
"Can I change the color of my item?","Thank you for reaching out. Changes can only be made to the same brand, and not if delivery is less than 2 days away. What would you like to change?"
"How do I track my refund?","Thank you for contacting us. To check your refund status, please provide your refund case ID. You should have received it via email when the refund was initiated."
"I want to update my shipping address","Thank you for reaching out. We can change the shipping address for new orders that haven't shipped yet. Has your order already been placed?"
"What's the cancellation fee?","Thank you for your question. Cancellation is free if delivery is 2 or more days away. If less than 2 days, there is a $4.99 fee."
"My package hasn't arrived yet","Thank you for reaching out. I apologize for the inconvenience. Please provide your order ID so I can check the delivery status for you."
"Can I get a refund?","Thank you for your inquiry. We offer full refunds within thirty days of purchase. The item must be unused and in original packaging. Do you have your order number?"
"What delivery options are available?","Thank you for asking. We offer standard delivery (five to seven business days) and express delivery (two to three business days)."
"My payment didn't go through","Thank you for contacting us. I apologize for the inconvenience. Please check with your bank or try a different payment method. Can you tell me what error you received?"
"Order #1234 - when will it ship?","Thank you for reaching out. You can view your delivery date in your personal area. For order #1234, I can provide specific shipping information. One moment please."
"I need to cancel because I ordered wrong size","Thank you for reaching out. I understand you need to cancel due to size. I can help with that. Is your delivery more than two days away? If so, cancellation is free."
"Can I change my order to a different brand?","Thank you for contacting us. Unfortunately, changes can only be made within the same brand. Would you prefer to cancel and place a new order instead?"
"Where's my refund? Case #RF-789","Thank you for reaching out. Let me check on refund case RF-789 for you. Refunds typically take five to seven business days to process after approval."
"I just placed order #9999 and need to change address","Thank you for contacting us. Since this is a new order, we can update the shipping address. Please provide the new address details."
"Is cancellation free for my order?","Thank you for your question. To determine if cancellation is free, I need to check your delivery date. If it's two or more days away, there's no fee. May I have your order ID?"
"My tracking says delivered but I didn't receive it","Thank you for reaching out. I apologize for the inconvenience. Let me investigate this for you. Please provide your order number and the date it was marked as delivered."
"Can I return this after using it once?","Thank you for your inquiry. Our refund policy requires items to be unused and in original packaging. Unfortunately, used items cannot be returned. Is there an issue with the product?"
"How fast is express shipping?","Thank you for asking. Express delivery takes two to three business days from the ship date. Standard delivery is five to seven business days."
"Payment error: insufficient funds","Thank you for contacting us. I apologize for the inconvenience. It appears there may be an issue with your payment method. Please check your account balance or try a different card."
"Order status for #2468","Thank you for reaching out. You can see order #2468 status in your personal area. Would you like me to provide specific tracking details?"
"Can I cancel part of my order?","Thank you for contacting us. Partial cancellations can be arranged if delivery is more than two days away. Which items would you like to cancel?"
"Change order #5555 to expedited shipping","Thank you for reaching out. To change to expedited shipping, the order must not have shipped yet. Let me check the status of order #5555 for you."
"I can't find my refund case ID","Thank you for contacting us. I can help you locate your refund case ID using your order information. What is your order number?"
"Moving to new address, order #7777","Thank you for reaching out. I can help update the address for order #7777 if it hasn't shipped. Please provide the new shipping address."
"What's your cancellation policy?","Thank you for your question. You can cancel orders that are two or more days from delivery for free. Orders less than two days from delivery have a $4.99 cancellation fee."
"Package says delivered yesterday but not here","Thank you for reaching out. I apologize for this inconvenience. Let me look into this immediately. Please provide your order ID and confirm the delivery address."
"Return opened item?","Thank you for your inquiry. Unfortunately, our policy requires items to be unused for returns. However, if there's a defect or issue, we may be able to help. What seems to be the problem?"
"Shipping time to California?","Thank you for asking. Standard shipping to California takes five to seven business days, express takes two to three business days. Which would you prefer?"
"Card declined error","Thank you for contacting us. I apologize for the inconvenience with your payment. Please verify your card details or try another payment method. Have you contacted your bank?"
"Track order 3456","Thank you for reaching out. You can track order #3456 in your personal area under order history. Would you like me to provide the current status?"
"Cancel order, delivery tomorrow","Thank you for reaching out. I can help cancel your order. However, since delivery is tomorrow (less than two days), there will be a $4.99 cancellation fee. Shall I proceed?"
"Can I exchange for different size?","Thank you for contacting us. For size exchanges, we recommend placing a new order for the correct size and returning the original item for a full refund within thirty days."
"Status of refund RF-555","Thank you for reaching out. Let me check refund case RF-555. Can you also provide your order number so I can give you complete information?"
"Update shipping address before it ships","Thank you for contacting us. I can help update your shipping address if the order hasn't shipped. Please provide your order number and the new address."
"Cost to cancel order #9876?","Thank you for your question. To determine the cancellation cost for order #9876, I need to check the delivery date. May I look that up for you?"
"Lost package claim","Thank you for reaching out. I apologize that your package appears to be lost. I'll file a claim immediately. Please provide your order number and delivery address."
"Can I return without original box?","Thank you for your inquiry. Items must be returned in original packaging for a full refund. Is the product itself unused? We may have other options available."
"Rush delivery available?","Thank you for asking. Yes, we offer express delivery which takes two to three business days. Would you like to upgrade your order to express shipping?"
"Payment keeps failing","Thank you for contacting us. I apologize for the continued payment issues. This could be a bank security measure. Have you tried contacting your bank or using a different payment method?"
"Where's order #1111?","Thank you for reaching out. Let me check on order #1111 for you. You can also view tracking details in your personal area. One moment please."
"Cancel subscription","Thank you for reaching out. I can help you cancel your subscription. May I ask the reason for cancellation? Please note this will take effect at the end of your current billing period."
"Different color same order","Thank you for contacting us. To change the color, the item must be the same brand and delivery must be more than two days away. Let me check your order status."
"Refund not received after 10 days","Thank you for reaching out. I apologize for the delay. Refunds typically process in five to seven business days. Let me escalate this for you. What is your refund case ID?"
"Change delivery address order #4444","Thank you for contacting us. I can help update the address for order #4444 if it hasn't shipped yet. Please provide the corrected shipping information."
"Fee for cancelling?","Thank you for your question. The cancellation fee is $4.99 if delivery is less than two days away. If two or more days away, cancellation is free. Would you like me to check your specific order?"
"Package damaged on arrival","Thank you for reaching out. I sincerely apologize that your package arrived damaged. I'll arrange a replacement immediately. Please provide your order number and photos of the damage if possible."
"Keep original, refuse refund?","Thank you for your inquiry. I'm not sure I understand. Are you asking about our return policy? Items must be returned for a refund. Could you clarify what you need?"
"Next day delivery?","Thank you for asking. Our fastest option is express delivery at two to three business days. We don't currently offer next-day delivery. Would express shipping work for you?"
"Credit card error code 402","Thank you for contacting us. I apologize for the payment error. Code 402 typically indicates a payment authorization issue. Please contact your card issuer or try another payment method."
"Order #7890 location","Thank you for reaching out. You can see order #7890's current location in your personal area. It appears to be in transit. Would you like detailed tracking information?"
"Stop my order","Thank you for contacting us. I can help cancel your order. Could you provide the order number? Please note there may be a $4.99 fee if delivery is less than two days away."
"Change to larger size","Thank you for reaching out. To change the size, delivery must be more than two days away and the item must be the same brand. Let me check if your order qualifies."
"Refund approved, when will I get it?","Thank you for reaching out. Once a refund is approved, it takes five to seven business days to appear in your account. What is your refund case ID so I can verify the approval date?"
"New address for order #3333","Thank you for contacting us. I can update the address for order #3333 if it hasn't shipped. Please provide the new shipping details including street, city, and ZIP code."
"Do I pay to cancel?","Thank you for your question. Cancellation fees depend on your delivery date. Free if two or more days away, $4.99 if less than two days. May I have your order number to check?"
"Broken item in box","Thank you for reaching out. I sincerely apologize for receiving a broken item. I'll process a replacement right away. Please provide your order number and let me know which item was damaged."
"Return used once?","Thank you for your inquiry. Our policy requires items to be unused for returns. If there's a defect or quality issue, please describe the problem and we may be able to assist."
"Fastest shipping option?","Thank you for asking. Our fastest option is express delivery, which takes two to three business days. Standard delivery is five to seven business days. Which would you prefer?"
"Why was payment rejected?","Thank you for contacting us. Payment rejections can occur for several reasons including insufficient funds or bank security holds. Please verify with your bank or try a different payment method."
"Check order #6666","Thank you for reaching out. You can check order #6666 status in your personal area. Would you like me to provide the current tracking status and estimated delivery?"
"Want to cancel everything","Thank you for contacting us. I can help cancel your order. Please provide your order number. Depending on the delivery date, there may be a $4.99 cancellation fee."
"Switch to different model","Thank you for reaching out. Model changes can be made if the new model is the same brand and delivery is more than two days away. What would you like to change to?"
"Didn't get refund RF-222","Thank you for contacting us. I apologize for the delay with refund case RF-222. Let me check the status and escalate if needed. May I also have your order number?"
"Ship to different address order #8888","Thank you for reaching out. I can update the shipping address for order #8888 if it hasn't been shipped yet. Please provide the new complete address."
"How much to cancel this order?","Thank you for your question. The cancellation fee is $4.99 if delivery is within two days, free if more than two days away. Please provide your order number so I can check."
"Received wrong item","Thank you for reaching out. I sincerely apologize for the error. I'll arrange to send the correct item immediately and provide a return label for the wrong item. What is your order number?"
"Can I return after 30 days?","Thank you for your inquiry. Our standard return period is thirty days from purchase. After that, returns are generally not accepted unless there's a defect. When did you receive the item?"
"How long for express?","Thank you for asking. Express delivery takes two to three business days from the ship date. Would you like to add express shipping to your order?"
"Payment won't process","Thank you for contacting us. I apologize for the payment issue. This could be due to several factors. Have you verified your card details and account balance? Would you like to try a different payment method?"
"Track #9999","Thank you for reaching out. You can track order #9999 in your personal area. Currently, it shows as in transit. Would you like detailed tracking updates?"
"Need to cancel order now","Thank you for contacting us. I can help cancel your order immediately. Please provide your order number so I can process the cancellation and inform you of any applicable fees."
"Change color to blue","Thank you for reaching out. I can help change the color to blue if the item is the same brand and delivery is more than two days away. What is your order number?"
"When refund RF-999?","Thank you for contacting us. Let me check refund case RF-999 status. Refunds typically take five to seven business days after approval. I'll verify where yours is in the process."
"Deliver to work instead order #5555","Thank you for reaching out. I can change the delivery address for order #5555 to your work address if it hasn't shipped. Please provide the complete work address."
"Any fee to cancel?","Thank you for your question. Cancellation is free if done two or more days before delivery. If less than two days, there's a $4.99 fee. Would you like me to check your order?"
"Box crushed, item broken","Thank you for reaching out. I sincerely apologize for the damaged delivery. This is unacceptable. I'll send a replacement immediately and arrange pickup of the damaged item. What is your order number?"
"Return opened package?","Thank you for your inquiry. Items must be unopened and unused for returns. If you opened it and there's a defect, please describe the issue and we'll see how we can help."
"Super fast shipping?","Thank you for asking. Our fastest option is express delivery at two to three business days. We don't offer overnight shipping currently. Would express delivery meet your needs?"
"Payment error unknown","Thank you for contacting us. I apologize for the payment error. Unknown errors often indicate bank security measures. Please contact your bank to authorize the transaction or try a different card."
"Find order #7777","Thank you for reaching out. Let me look up order #7777 for you. You can also view it in your personal area under order history. What information do you need?"
"I want to cancel","Thank you for contacting us. I can help you cancel your order. Please provide your order number and I'll process the cancellation, including any fee information."
"Change size to medium","Thank you for reaching out. Size changes can be made if delivery is more than two days away. Let me check your order. What is your order number?"
"Refund still pending RF-123","Thank you for contacting us. I apologize for the delay on refund case RF-123. Let me check the status and escalate this if needed. May I also verify your order number?"
"Wrong address on order #1234","Thank you for reaching out. I can correct the address for order #1234 if it hasn't shipped yet. Please provide the correct shipping address with all details."
"What does cancel cost?","Thank you for your question. Cancellation costs $4.99 if delivery is less than two days away, but is free if two or more days away. May I check your order's delivery date?"
"Product defective","Thank you for reaching out. I sincerely apologize for receiving a defective product. I'll arrange a replacement or full refund immediately. Please provide your order number and describe the defect."
"Can I send back if I used it?","Thank you for your inquiry. Our policy requires unused items for returns. However, if there's a quality issue or defect, we may be able to help regardless. What seems to be the problem?"
"Quickest delivery time?","Thank you for asking. The quickest option is express delivery, which takes two to three business days. Standard takes five to seven days. Which would you prefer?"
"Card keeps getting declined","Thank you for contacting us. I apologize for the repeated payment issues. This often happens when banks flag charges for security. Please contact your bank to authorize our charge or use a different card."
"Where is order #2222?","Thank you for reaching out. You can track order #2222 in your personal area. Let me pull up the current status and estimated delivery for you."
"Stop order #3333 now","Thank you for contacting us. I'll process cancellation for order #3333 immediately. Depending on your delivery date, there may be a $4.99 fee. Let me verify the details."
"Want different color not different brand","Thank you for reaching out. Perfect! Color changes within the same brand are allowed if delivery is more than two days away. What is your order number and desired color?"
"Waiting for refund RF-456","Thank you for contacting us. Let me check on refund case RF-456. Refunds take five to seven business days after approval. I'll verify the status and timeline for you."
"Change address to 123 Main St order #6666","Thank you for reaching out. I can update order #6666 to ship to 123 Main St if it hasn't shipped yet. Please provide the complete address including city, state, and ZIP code."
"Is there a cancellation charge?","Thank you for your question. There's a $4.99 cancellation charge only if delivery is less than two days away. Otherwise it's free. Would you like me to check your order's delivery date?"
"Arrived damaged need replacement","Thank you for reaching out. I sincerely apologize for the damaged item. I'll process a replacement shipment today and send a return label. What is your order number?"
"Return policy for opened items?","Thank you for your inquiry. Opened items can only be returned if defective. For non-defective items, they must be unopened and unused. Is there an issue with the product?"
"How many days for express?","Thank you for asking. Express delivery takes two to three business days from when your order ships. Standard delivery is five to seven business days. Would you like express?"
"Transaction failed","Thank you for contacting us. I apologize for the transaction failure. This could be a temporary issue with your payment method. Please try again or use a different card. Have you contacted your bank?"
"Locate my order #4444","Thank you for reaching out. Let me locate order #4444 for you. You can also view real-time tracking in your personal area. What specific information do you need?"
"I need to cancel order","Thank you for contacting us. I can help cancel your order. Please provide the order number and I'll process it immediately, including information about any applicable cancellation fees."
"Modify to size large","Thank you for reaching out. I can help change to size large if the order is the same brand and delivery is more than two days away. What is your order number?"
"My refund RF-789 status","Thank you for contacting us. Let me check on refund case RF-789. I'll provide the current status and expected timeline. Refunds typically complete in five to seven business days after approval."
"Send to office not home order #9999","Thank you for reaching out. I can change order #9999 to deliver to your office if it hasn't shipped. Please provide your office address including any suite or floor numbers."
"Will I be charged to cancel?","Thank you for your question. You'll be charged $4.99 to cancel only if delivery is less than two days away. If two or more days, there's no charge. May I check your order?"
"Damaged in shipping","Thank you for reaching out. I sincerely apologize for the shipping damage. This should not have happened. I'll send a replacement immediately and handle the return. What is your order number?"
"Can I return if box is open?","Thank you for your inquiry. Items with opened boxes can be returned only if defective or damaged. For non-defective items, the box must be unopened. What is the situation with your item?"
"Fastest delivery available?","Thank you for asking. The fastest delivery we offer is express at two to three business days. Standard is five to seven days. Would express delivery work for your needs?"
"Why does payment fail?","Thank you for contacting us. Payments can fail due to insufficient funds, incorrect details, or bank security blocks. Please verify your information and contact your bank if needed. Would you like to try a different card?"
